URL,Content
https://corporate.walmart.com/,"search
Easter with Ease
Making Easter fast and affordable for everybunny
Peep the details
Walmart Announces Super Savings Week With Offers on Top Home, Fashion and Electronics
Mar. 21, 2025
Big Wins for Small Businesses: Smarter Growth, Bigger Savings
Mar. 21, 2025
Put a Spring in Your Routine With Walmart Beauty‚Äôs Latest Brand Additions
Get ready for spring with Walmart Beauty's latest products and premium brands. Plus, check out up-and-coming favorites from Walmart Start, Walmart Beauty‚Äôs brand accelerator program.
Mar. 21, 2025
Grazing, Gathering & Grilling: Sam's Club Delivers a Member-Driven Easter
Mar. 20, 2025
Sam's Club Embraces a New Golfing Generation; Introduces Member's Mark Golf Ball To Broaden Sport Performance Accessibility
Mar. 12, 2025
View the Newsroom
Discover more
Working at Walmart
Our unique combination of pathways, perks and pay mean you can build just about any career you want here.


Learn More
Sustainability
We‚Äôre working to become a regenerative company that aims to make a positive difference for people and the planet.

Learn More
Locations
We operate approximately 10,500 stores and clubs in 19 countries and numerous eCommerce websites.


Learn More
Ask Walmart
Have questions for Walmart? Find answers here.



Learn More
New Home Office
Construction on our new campus is currently underway. Learn about its design, amenities and how we‚Äôre keeping associates at the center.

Learn More
The membership that gives you free delivery, gas savings, movies & more*
$98 annual plan (only $8.17/month) or $12.95 monthly plan after trial
Start your free 30-day trial
*Restrictions apply. One free trial per member. See benefit Terms.

Walmart U.S.
Sam's Club
Walmart International
About
News
Purpose
Investors
Suppliers
Careers
Ask Walmart (FAQs)
Privacy & Security
Fraud
Walmart California Consumer Privacy Act Notice
California Supply Chains Act
Contact
Policies
Terms of Use
Recalls
Your Privacy Choices
WMT
$85.63
0.42
Stock pricing delayed by 20 minutes.
¬© 2025 Walmart Inc. All Rights Reserved."
https://corporate.walmart.com/about,
https://corporate.walmart.com/content/corporate/en_us/news.html,
https://corporate.walmart.com/purpose,
https://stock.walmart.com/,"Investor Relations
Stock Information
WMT
NYSE
$85.63
Price
0.42 (0.49%)
Change
Investors
Latest News
View All News
Mar 5, 2025
Walmart Leadership To Participate in Upcoming Investor Events View Press Release
Feb 20, 2025
Walmart Raises Annual Dividend 13 Percent to $0.94 per Share, Marking 52nd Consecutive Year of Dividend Increases View Press Release
Feb 20, 2025
Walmart Releases Q4 FY25 Earnings View Press Release
Latest Financial Results
FY 2025
Fiscal Year Ended Jan 31, 2025
Earnings Release
PDF
Presentation
PDF
Transcript - Management Call
PDF
Transcript - Buy Side Follow Up Call
PDF
Earnings Terminology
PDF
HTML Release and Related Photos
HTML
13-Week Comparable Sales
PDF
Unit Count & Square Footage
PDF
10-K
HTML
XBRL ZIP
Latest Reports
2024 Annual Report
Annual Report
2024 Proxy Statement
Proxy Statement
2024 ESG Reporting
ESG Reporting
Email Alerts
Sign up today and receive company updates straight to your inbox.
Sign Up Today
Company Overview
Walmart Inc. (NYSE: WMT) is a people-led, tech-powered omnichannel retailer helping people save money and live better ‚Äî anytime and anywhere ‚Äî in stores, online, and through their mobile devices. Each week, approximately 270 million customers and members visit more than 10,750 stores and numerous eCommerce websites in 19 countries. With fiscal year 2025 revenue of $681 billion, Walmart employs approximately 2.1 million associates worldwide. Walmart continues to be a leader in sustainability, corporate philanthropy, and employment opportunity.
View Leadership Team
View Board of Directors
Stock Snapshot
March 27, 2025 ‚Ä¢ 4:00 PM ET
Market/Symbol
NYSE: WMT
Price
85.63
Change
0.42 (0.49%)
Volume
16.78M
Day Range
84.775 -
TO
86.11
52 Week Range
58.555 -
TO
105.30
IR Contacts
Headquarters
Walmart Inc.
702 South West 8th Street
Bentonville, AR 72716
Investor Relations
IR@walmart.com
Transfer Agent
Computershare
T: 1-800-438-6278
emailEmail Alerts
location_cityCompany Profile
contact_pageContacts
account_treeSitemap
accessibilityAccessibility Statement
About
News
Purpose
Investors
Suppliers
Careers
Ask Walmart (FAQs)
Privacy & Security
Fraud
Walmart California Consumer Privacy Act Notice
California Supply Chains Act
Contact
Policies
Terms of Use
Recalls
Your Privacy Choices
Stock Information
WMT
$85.63
0.42 (0.49%)
¬© 2025 Walmart Inc. All Rights Reserved.
Market Data copyright ¬© 2025 QuoteMedia. Data delayed 15 minutes unless otherwise indicated (view delay times for all exchanges). RT=Real-Time, EOD=End of Day, PD=Previous Day. Market Data powered by QuoteMedia. Terms of Use."
https://corporate.walmart.com/suppliers,
https://careers.walmart.com/,"Careers
SEARCH JOBS
All Career Areas
Here, there‚Äôs a path for everyone.
Stores & Clubs Corporate Healthcare Technology Distribution, Fulfillment, & Drivers
Walmart raises pay for store managers
Walmart store managers are the best leaders in retail, and we‚Äôre investing in them ‚Äì simplifying their pay structure and redesigning their bonus program, giving them the opportunity to earn an annual bonus up to 200% of their base salary.
Learn more
Help us power the next great retail disruption
Walmart Global Tech is a team of 15,000+ software engineers, data scientists and service professionals who deliver innovations that improve how our customers shop and empower our 2.2 million associates.
Join us
Culture of Success
We define culture as our values in action.
LEARN MORE
Smart Benefits
LEARN MORE
Investing in American Jobs
We are committed to U.S. manufacturing.
LEARN MORE
Culture, Diversity, Equity and Inclusion
By fostering a workplace culture where everyone is‚Äîand feels‚Äîincluded, everyone wins.
LEARN MORE
Education Benefit
Our Live Better U education benefits program gives associates the opportunity to go back to school, paid for by Walmart.
LEARN MORE
Northwest Arkansas
With over 200 miles of biking and hiking trails, an emerging locally-sourced food scene, the world-renowned Crystal Bridges Museum‚ÄîNWA has something for everyone.
Find out more
Silicon Valley
Silicon Valley is the epicenter of technological innovation, featuring a vibrant, diverse community and a wealth of recreational activities.
Find out more
D.C. Metro
National landmarks, museums, world-renowned restaurants‚Äîthe D.C. Metro is a hub of activity and culture. It‚Äôs also a prime location for the future of tech.
Find out more
FAQ
Sitemap
Corporate
Terms & Conditions
Privacy Policy
Notice at Collection
¬©2025 Walmart, Inc. is an Equal Opportunity Employer- By Choice.
We believe we are best equipped to help our associates, customers, and the communities we serve live better when we really know them. That means understanding, respecting, and valuing unique styles, experiences, identities, abilities, ideas and opinions- while welcoming all people. Walmart Inc. participates in E-Verify. Learn more about applicant rights under Federal Employment Laws."
https://corporate.walmart.com/askwalmart,
https://corporate.walmart.com/privacy-security,
https://corporate.walmart.com/privacy-security/fraud-alerts,"search
Home
Fraud Alerts
Fraud Alerts
Click Here To Navigate
The following fraud and scams are not from Walmart. We are listing them here in an effort to educate you about these activities. If you feel that you have been defrauded, you may want to contact the Federal Trade Commission or the Consumer Fraud Division of your state's Attorney General's office.
Gift Card Fraud Prevention
Tips to Help Avoid Gift Card Fraud
Government Agencies Will Not Accept
No legitimate government entity, including the IRS, Treasury Department, FBI or local police department, will accept any form of gift cards as payment.
Businesses Will Not Accept
Other businesses do not accept payments in the form of Walmart Gift Cards - you will never be asked to pay your utility bills, bail money, or bills with Walmart Gift Cards.
Only Check Balance At Walmart.com
Do not purchase, sell, or check your balance on online marketplaces outside of Walmart.com.
Beware Of Strangers
If you get a call from a stranger who says that a loved one is in trouble and they ask you to provide gift card numbers to help them, hang up and contact your loved one directly.
Don‚Äôt Trust Caller ID
Don‚Äôt always trust your caller ID. Scammers can manipulate a caller ID to look like a legitimate company or government agency.
Always Check Packaging
Don‚Äôt purchase a gift card if it appears that the packaging has been altered or manipulated. If you have questions about a gift card, ask someone who works at that store.






Common Gift Card Scams
The Tech Support Scam
Perpetrators of tech support scams try to trick victims into believing their computers are infected and they need help with Microsoft, Apple or a familiar security software company such as Norton or McAfee, and claim to have detected malware that poses an imminent threat to the person‚Äôs computer.

Other scams feature planted website ads or pop-ups that display warning messages, some even featuring a clock ticking down the minutes before the victim‚Äôs hard drive will be destroyed by a virus ‚Äî unless he or she calls a toll-free number for assistance in deactivating the menace.
The Grandparent Scam
In this scam, the scammer will call a victim and indicate that a loved one is in some sort of trouble (i.e. kidnapped, arrested, etc.). Sometimes, the scammer pretends to be a lawyer or the loved one themselves and asks directly for money. The scammer then instructs the victim to purchase gift cards and give the gift card numbers to the scammer over the phone.
Additional Resources
IRS Resources
Report IRS impersonation scams to the Treasury Inspector General for Tax Administration or call 800-366-4484.
If you think you might owe taxes, call the IRS directly at 800-829-1040.
IRS Website
AARP Resources
You can also report scams to the AARP Fraud Watch Network Helpline, 877-908-3360.
It‚Äôs a free resource, with trained fraud specialists who can provide support and guidance on what to do next and how to avoid scams in the future.
AARP Website
FTC Resources
Report a complaint to the FTC, which handles complaints about deceptive or unfair business practices.
For updates on other types of potential scams, check out the FTC‚Äôs ‚Äúscam alert‚Äù website.
FTC Website
Better Business Bureau Resources
Better Business Bureau Scam Tracker is a free tool anyone can use to report suspected scams. Your reports warn others so they can avoid similar cons.
In 2022 alone, the Better Business Bureau Scam Tracker is estimated to have helped consumers avoid losing $21 million to scammers.
BBB Website
If you suspect you have been a victim of gift card fraud, contact your state Attorney General.
IRS
Government Impostor Scam
Scammers sometimes pretend to be government officials to get you to send them money. They might promise lottery winnings if you pay ‚Äútaxes‚Äù or other fees, or they might threaten you with arrest or a lawsuit if you don‚Äôt pay a supposed debt. Regardless of their tactics, their goal is the same: to get you to send them money.

IRS Scam

During tax season, scammers pretend to be from the IRS or other Government Agencies to scare customers into sending them money. They trick people into believing they owe taxes to the IRS. The scammers threaten those who refuse to pay with arrest, deportation, or loss of a business or driver‚Äôs license. They ask the victims to go to Walmart to send a money transfer or to put the money on a prepaid card or gift card.
In reality, the IRS usually first contacts people by mail ‚Äì not by phone ‚Äì about unpaid taxes. The IRS or any other government agency, such as prisons or jails, won‚Äôt ask for payment using a pre-paid debit card, gift cards, or money transfers. The agency also won‚Äôt ask for a credit card number over the phone.
Common Tactics Used by Callers Committing Fraud

They use common names and fake IRS badge numbers
They know the last four digits of the victim‚Äôs Social Security Number
They make caller ID appear as if the IRS is calling
They send bogus IRS emails to support their scam
They call a second time claiming to be the police or DMV, and caller ID again supports their claim

What You Need to Know

If you owe federal taxes, or think you might owe taxes, hang up and call the IRS at 800-829-1040. IRS workers can help you with your payment questions
If you don‚Äôt owe taxes, call and report the incident to the Treasury Inspector General for Tax Administration at 800-366-4484
You can also report a complaint with the Federal Trade Commission

How to Protect Yourself
Be alert for phone and email scams that use the IRS name or other Government Agencies
The IRS will never request personal or financial information by email, texting or any social media. You should forward scam emails to phishing@irs.gov. Don‚Äôt open any attachments or click on any links in those emails.
Additional Resources
Treasury Inspector General for Tax Administration
ReportFraud.FTC.Gov
Report Phishing
Better Business Bureau Scam Tracker
Ria Money Transfer Consumer Protection
Fraud Warning
Scams
Walmart Foundation/Walmart.org Scam
Beware, scammers may be targeting individuals asking them to complete a form to receive grants or pandemic relief payments from the Walmart Foundation or Walmart.org. Neither the Walmart Foundation nor Walmart.org award money to individuals and neither send text messages or emails seeking applications for grants or pandemic relief payments. Don‚Äôt click on links within or respond to these text messages or emails; these are not legitimate.
Coronavirus Scam
Beware Scammers may be targeting customers asking them to send money in order to reserve a Coronavirus vaccine or government stimulus check. If you‚Äôre asked to wire money, provide a money order or load a prepaid/gift card to pay to reserve a Coronavirus vaccine or to obtain a government stimulus check, it is not legitimate.
Visit IRS Coronavirus Related Scams
Phishing
A fraud method in which the fraudster sends out a legitimate-looking email in an attempt to gather personal and financial information from recipients. The scammer sends an email to an unsuspecting customer that may look just like a legitimate Walmart email (including use of the Walmart logo.) If the customer falls for the bait (thus the ‚Äúfishing‚Äù reference), the thief could get credit card numbers, PINs, account passwords, expiration dates, credit card/bank account numbers and even Social Security numbers. Learn more about phishing. Learn more
Vishing
Vishing is very similar to ""phishing"" but instead of occurring through email, vishing happens over the phone. In these scams, fraudsters pose as a trusted retailer or bank and obtain personal information from the customer by requesting they ""verify"" the information on file. The information gained is then used for fraudulent transactions.
A good rule of thumb: If someone is contacting you to verify your personal information, it is very likely you did not provide it to them in the first place, and it is not a legitimate request. Legitimate companies will not expect you to provide your social security number or other personal information when they call you. If you receive a call like this, do not provide any information. If in doubt, call back a trusted number for the company, such as the one on a statement or invoice, the back of your credit/debit card, or on their official website (Do not use the phone number provided by the person on the phone or sent through a suspicious email.). Learn more
Smishing
A combination of the terms ""SMS"" and ""phishing."" It is similar to phishing, but refers to fraudulent messages sent over SMS (text messaging) rather than email. The fraudster may text you saying you‚Äôve won a free gift card. Remember, you can‚Äôt win a contest you didn‚Äôt enter. Walmart doesn‚Äôt notify winners of any contest via text message. Learn more
Tips to Avoid These Scams
Never provide personal information in response to an unsolicited request, whether it is over the phone or internet. A trusted company will never ask a customer for highly sensitive information during a call they initiated. A financial institution may ask for the account holder‚Äôs partial Social Security Number for verification, but they will never ask for the entire Social Security Number, account number or PIN.
Do not respond to any suspicious looking email, automated calls, or text messages.
Don‚Äôt trust the Caller ID. Fraudsters can manipulate the Caller ID to have it display a legitimate business‚Äô name. To be safe, you can check to see if the phone number matches the number that appears on your bank statement, credit/debit card, or on their official website.
Avoid fraudulent sites by entering web addresses directly into the browser yourself or by using bookmarks you create. Do not click on links in emails that you did not directly request from a company or that look suspicious.
If you have fallen victim to such a scam, contact your financial institution immediately to protect your accounts.
Don't respond or reply to an email, phone call, or text message that:
Requires you to supply personal or account information directly in the email
Requires you to click on a link to provide more personal or account information
Threatens to close or suspend your account if you do not take immediate action
Invites you to answer a survey that asks you to enter personal or account information
States that your account has been compromised or that there has been third-party activity on your account, then asks you to enter or confirm your personal or account information

Online Orders
With an international company such as Walmart, brand abuse is inevitable. If you received an order confirmation email from Walmart but you did not place an order, it may be a phishing scam attempting to gather information, or in some cases, spread malware.
Signs of Fraud
The recipient may have not placed a Walmart.com order
The message contains very poor grammar.
There is no order number or details about the order. A real order confirmation email contains the details of your order without clicking on any links, as well as where it is being shipped and the payment method.
The email listed as the sender is not from an @walmart.com domain. You can see the embedded email address by hovering your cursor over the ‚Äúfrom‚Äù line in the email.
There may be multiple emails listed in the ‚Äúto‚Äù line, or there may be ‚Äúundisclosed recipients""
How to Protect Yourself
If you actually placed an order and are suspicious about the email you received, log onto your Walmart.com account to check your order status. Remember not to click on any links within the email claiming to take you to your account.
Keep your virus software updated on all your computers.
If you were a victim of fraud, you should file a report with your local law enforcement agency along with the Federal Trade Commission (FTC).
Additional Resources
OnlineOnGuard: Malware
Better Business Bureau Scam Tracker
Fraud Warning

Person in Need
Scammers may pose as relatives or friends, calling or sending messages to urge you to wire money or load prepaid cards immediately. They‚Äôll say they need cash to help with an emergency---like getting out of jail, paying a hospital bill, or needing to leave a foreign country. The goal is to trick you into sending money before you realize it is a scam.
Common Tactics Used by Callers Committing Fraud
They call or text from numbers that look familiar
They play on your emotions
They swear you to secrecy
They need the money immediately

What You Need to Know
Caller ID can be faked
Always talk to someone to verify what was told to you
If you believe you have responded to a scam, file a complaint with the FTC 1-877-FTC HELP or online at ftc.gov/complaint
How to Protect Yourself
Be alert for phone and email scams from individuals that could be impersonating a loved one. Providing gift card numbers over the phone should not be a method of providing funds. Once the numbers are provided, the funds are gone. ALWAYS validate that the loved one is in trouble.
Mystery Shopper
Mystery shopping, sometimes referred to as secret shopping, is where an individual is hired to ‚Äúact‚Äù like a customer, and evaluate services at a business. Walmart does NOT utilize these services or hire associates to perform services on behalf of other retailers or companies. However, scammers take advantage of these types of programs by sending fraudulent solicitations via mail, text, or email to entice consumers to evaluate the retail experience. Often times these offers of employment are accompanied by a fake check made out for a large amount of money or otherwise offer immediate employment with a good salary and minimal effort required.
Signs of Fraud
These communications are often associated with fictional departments or branding initiatives with letters or emails coming from addresses that appear to be ‚ÄúWal-Mart‚Äù or an address such as ‚Äúadmin@walmart.com‚Äù.
There is usually another email address embedded in the ‚Äúfrom‚Äù line. You can see the embedded email address by hovering your cursor over the ‚Äúfrom‚Äù line in the email.
There may be multiple emails listed in the ‚Äúto‚Äù line, or to ‚Äúundisclosed recipients‚Äù
A website may be lacking Walmart branding, the Walmart Privacy Notice, and the general look and feel of other Walmart websites. Other signs may include using outdated Walmart logos and branding. (e.g Walmart typed as ‚ÄúWal-Mart‚Äù or ‚ÄúWal¬´Mart‚Äù)
Associates hired by Walmart are required to complete a hiring process, including legally required paperwork and drug testing.
Walmart will NEVER mail you a check and ask that you deposit it in order to purchase an item or service and keep the remainder of the amount as payment for services.
These communications ask consumers to assist with Walmart's secret shopping efforts through evaluation of MoneyGram services we provide and often lead to consumer financial loss or identity theft.
How These Scams Work

The scam artist sends a letter or email solicitation describing a paid, stay-at-home position in which the consumer will evaluate customer services at large retail stores. In reality, these stores have no affiliation with the scam artist placing the ad.
After responding to the ad, the consumer receives an ""employment packet"" containing a training assignment, a list of products to purchase at different stores and a realistic-looking cashier's check, often for several thousand dollars.
The ""training assignment"" is to deposit the check into the consumer's bank account, pose as a shopper and then use Money Gram to send the balance of the check's proceeds (minus the cost of the purchases and the consumer's ""salary"") to an address outside the United States.
The problem is that the check is fake; so when it bounces (is returned to your account by your bank as ‚Äúinsufficient funds‚Äù or a ‚Äúdrawn on a closed account‚Äù) ‚Äì which occurs after the money is wired‚Äîthe consumer is accountable (in some cases, criminally) to the bank for the entire amount of the fake check, plus additional penalty fees. Also, in some instances, consumers are asked for personal bank account information. The company will then ""deposit"" money into their account for payment and funds with which to perform their Secret Shopper tasks. These consumers often then become victims of identity theft or have their accounts drained by the fraudster.
How to Protect Yourself

Don't open or respond to unsolicited emails asking you to become a mystery shopper or secret shopper.
Never deposit a check you receive in the mail from a ""mystery shopping"" company. No legitimate business will pay in advance and ask you to send back a portion of the money.
If you have posted your resume to an online job site, verify with the site any job solicitations you receive.
Don't click on or respond to online ads or web sites offering free gift cards.
Remember, if it sounds too good to believe, it is!

Walmart Practices

Walmart never solicits mystery shoppers via e-mail, mail, or any other public means
These shopper offers are not from Walmart and should be deleted or reported, per the next section

To Report Suspected Wire Transfer Scams
If you receive an email related to, or suspect you have been a victim of, a wire transfer scam such as the ""mystery shopper,"" please fill out the online complaint form. You can also report the matter by calling 1-800-MONEYGRAM (1-800-666-3947) for English or 1-800-955-7777 for Spanish.

If you suspect you have received a fraudulent email claiming to be from Walmart, please send the email directly to Walmart at OnlineAbuse@walmart.com as an attachment. For investigatory purposes, please do not cut and paste the email into the body of the email or forward the email to us; instead, send the email as an attachment.

If you were a victim of fraud via the internet, you should file a report with your local law enforcement agency along with the Internet Crime Complaint Center (ICCC). The ICCC is a partnership between the FBI and the National White Collar Crime Center. You can make a report with the ICCC.
Additional Resources
Mystery Shopper Scams
Secret Shopper / Mystery Shopper Scams: A Job That Only
Pays the Scammer!
The Truth About Becoming a Mystery Shopper
Mystery/Secret Shopper Schemes Alert
Better Business Bureau Scam Tracker
Fraud Warning

Surveys
Walmart In-Store Experience Survey

Walmart offers a survey, located at survey.walmart.com, from invitations appearing on receipts in our stores. Customers are offered entry to the survey through register receipts or emails from our survey team, and the survey can only be completed online. The survey participants may choose to enter a sweepstakes which offers five winners a $1,000 gift card every 3 months, and 750 winners a $100 gift card. Winners are notified via phone and certified mail. Gift cards are not given away through Twitter, Facebook, or text message. If you receive a notice through one of these channels, it is likely a scam. Do not click on any links in these messages.

You also may receive Walmart surveys related to other services that you use, such as Online Grocery or Pharmacy.
Walmart Customer Spark Community
The Walmart Customer Spark Community consists of Walmart customers who have agreed to be a part of our online community. Our goal is to foster interaction and involvement among our customer base while strengthening the Walmart brand through customer feedback.

The community is invitation only. Members are invited to join the Walmart Customer Spark Community and confirm their interest via a double opt-in process. We engage community members through various activities and members are rewarded for their participation. The Walmart Customer Spark Community is proprietary, and members agree to treat any and all information shared through the community as confidential.

The Walmart Customer Spark Community will never ask for any sensitive information such as passwords to other sites or social security numbers. If you receive a request like this, please contact sparkcommunity@walmart.com.

If you would like to learn more about the community or if you are receiving emails about the community and would like to unsubscribe, please email sparkcommunity@walmart.com.
Surveys About Your Recent Shopping Trip
Our goal as a company is to put our customers first. One way we can learn about and improve our customers‚Äô store experiences is through feedback surveys. Sometimes after shopping at Walmart, we will send you an invitation asking you to take a survey. Our intention is to allow you, the customer, to tell us about your store visit, shopping experience and gather other general feedback. The goal of our survey is ultimately to learn how we are doing and what we can do to make shopping at Walmart the best it can be.

Walmart will never ask for any sensitive information such as passwords or social security numbers. If you receive a request like this, please contact surveysupport@walmart.com.

If you are having an issue with a survey, would like to learn more or if you are receiving these surveys and would like to opt-out, please email surveysupport@walmart.com.
Walmart Practices
Walmart‚Äôs survey emails contain a link to the Walmart Privacy Notice
Walmart does not offer gift cards via text messages, phone calls, online advertisements on websites that are not a Walmart.com site, or through social media sites for ‚Äúlikes‚Äù or sharing a post. Walmart will only call or text you with offers if you opt-in to receive such messages.
Walmart will never ask you to email personal information such as:
Passwords
Social Security Numbers
Bank account details
Credit card numbers
Other financial information
Walmart will not make unsolicited calls or send emails asking for such information. However, for fraud prevention purposes, Walmart customer service may ask for you to verify personal information such as address or telephone number, that you have previously provided.
Signs of Fraud
The surveys we describe above are our legitimate surveys. Scammers may try to imitate Walmart to gain access to your personal information. The following are signs of fraudulent surveys:
Poor grammar
Poor spelling
Outdated logos or branding (e.g. use of Wal-Mart or WAL-MART, instead of Walmart)
There is often fine print disclosing that the offer is not associated with the brand listed
To receive the ‚Äúfree‚Äù gift card you are asked to complete several steps and to request that several of your friends complete the same steps
How to Protect Yourself
Don't open or respond to unsolicited e-mails, internet pop-up ads, or text messages indicating you‚Äôve won a gift card or asking that you complete a survey.
Don't click on or respond to online ads or web sites offering free gift cards.
Remember, if it sounds too good to believe, it is!
If you were a victim of fraud via the internet, you should file a report with your local law enforcement along with the Internet Crime Complaint Center (ICCC). The ICCC is a partnership between the FBI and the National White Collar Crime Center. You can make a report with the ICCC by going to the following link: ICCC.
Additional Resources
Better Business Bureau Scam Tracker
Fraud Awareness
Free Gifts
The goal of this scam is to encourage consumers to take multiple surveys and pay for shipping in exchange for a ‚Äúfree‚Äù gift, like a high quality piece of jewelry, a store branded gift card for a significant amount, or another product. However, after fulfilling the requirements, the consumer may never receive the promised gift, or they will be charged more than just shipping.
How These Scams Work
Consumers either receive a spam email or come across a web advertisement or web site from ‚ÄúWalmart‚Äù offering a high quality piece of jewelry or other gift in exchange for participating in surveys and paying the cost of shipping.
The consumer is taken to a web site that has branding that makes it appear to be a legitimate merchant (ex: Walmart), there the consumer is asked to enter an email address and other personal information, including home address, phone number and credit/debit card numbers. The Privacy Notice on the site will typically indicate that this information will be sold to other businesses for their own purposes, such as telemarketing and junk mail.
Once this information is entered, the consumer may be asked to take part in a series of surveys.
Once the surveys are complete (if they were offered at all), the consumer is given the opportunity to select their ‚Äúfree‚Äù gift, but it will end up costing the consumer a great deal of money in fees, hidden subscriptions, and unwanted products. In addition, at the end of the process there is no guarantee that the consumer will even receive the gift.
The above example shows several signs of being a typical fraudulent Walmart email, such as an outdated logo and having a PO Box listed as an address.
Walmart Practices
Walmart does not solicit online for individuals to complete online surveys for gift cards or free gifts, nor do we send unsolicited emails asking individuals to participate in our surveys
Walmart does not endorse and is not affiliated with any ""sponsor offer"" related program or survey
Walmart will never send you emails or surveys that are contingent on your making purchases, subscriptions, or fulfilling other financial requirements
Drawings for the legitimate Walmart receipt survey occur four times a year. Winners of the register receipt gift card are notified by certified mail, never via email
How to Protect Yourself
Don't open or respond to unsolicited e-mails offering free gift cards or other gifts
Don't click on or respond to online ads or websites offering free gift cards or other gifts
Pay attention to the website URL. If the URL does not match the branding to a legitimate website navigate away from the website
To Report Suspected Sponsor Offer Scams
If you suspect you have been directed to a phony website claiming to be connected with Walmart, please send an email with the link to abuse@walmart.com. The email abuse team will then work with authorities to put an end to the particular scam.

If you suspect you have received a fraudulent email claiming to be from Walmart, please send the email directly to Walmart at OnlineAbuse@walmart.com with the scam as an attachment. For investigatory purposes, please do not cut and paste the email, forward the email, or change the subject line.
Additional Resources
Better Business Bureau Scam Tracker
About
News
Purpose
Investors
Suppliers
Careers
Ask Walmart (FAQs)
Privacy & Security
Fraud
Walmart California Consumer Privacy Act Notice
California Supply Chains Act
Contact
Policies
Terms of Use
Recalls
Your Privacy Choices
WMT
$85.63
0.42
Stock pricing delayed by 20 minutes.
¬© 2025 Walmart Inc. All Rights Reserved."
https://corporate.walmart.com/privacy-security/california-privacy-rights,
https://corporate.walmart.com/california-transparency,
https://corporate.walmart.com/about/contact,
https://corporate.walmart.com/policies,
https://corporate.walmart.com/terms-of-use,
https://corporate.walmart.com/recalls,
https://cpa-ui.walmart.com/affirmation?native=false&app=gm&brandCode=WMT&requestType=optout&languageCode=en-US,"Track requestFAQs
Privacy at Walmart
We value the trust that you place in us when you give us personal information. The information you share with us allows us to provide the products and services you need and want while giving you the very best shopping experience.
You can make certain requests regarding our collection, use, and sharing of your personal information. The requests available to you may vary by state. We will fulfill these requests as determined by your state of residence.
To make a request regarding your personal information, please provide the details below to proceed.
Frequently Asked Questions
Create privacy request
Please tell us your state of residence so we can determine the specific rights available to you. If you‚Äôre acting on behalf of someone else, please select their state of residence.
State of residence
Select your state
Alabama
Alaska
Arkansas
Arizona
California
Colorado
Connecticut
District of Columbia
Delaware
Florida
Georgia
Hawaii
Iowa
Idaho
Illinois
Indiana
Kansas
Kentucky
Louisiana
Massachusetts
Maryland
Maine
Michigan
Minnesota
Missouri
Mississippi
Montana
North Carolina
North Dakota
Nebraska
New Hampshire
New Jersey
New Mexico
Nevada
New York
Ohio
Oklahoma
Oregon
Pennsylvania
Rhode Island
South Carolina
South Dakota
Tennessee
Texas
Utah
Virginia
Vermont
Washington
Wisconsin
West Virginia
Wyoming
Create privacy request
Questions or concerns?
Get Help
Privacy Notice
¬© 2025 Walmart, All Rights Reserved.
Who is making the request and are they a CA resident?"
https://corporate.walmart.com/about#walmart-us,
https://corporate.walmart.com/about/samsclub,"search
Toggle navigation
We make it easy for members to share more, serve more, and live more.
Locate your nearest Sam's Club
Sam's Club News
Grazing, Gathering & Grilling: Sam's Club Delivers a Member-Driven Easter
View the Newsroom
Membership & Services
Members enjoy the best perks ‚Äì amazing prices, premium quality, exclusive savings and services.
Learn More
Merchandise
We offer value on a great assortment of high-quality items like Member's Mark.
Learn More
Associate Spotlight
Our Associates are making an impact at Sam‚Äôs Club and within their communities.
Learn More
Sam's Club Supplier
Our Suppliers meet the needs of our members and deliver responsibly produced products.
Learn More
Meet the Brand Made for You
Learn More
Millions of Sam's Club members.
Data on billions of transactions.

Sam's Club MAP (Member Access Platform) makes it easy to reach our members efficiently and effectively.
Learn More
Connect with Sam's Club
About
News
Purpose
Investors
Suppliers
Careers
Ask Walmart (FAQs)
Privacy & Security
Fraud
Walmart California Consumer Privacy Act Notice
California Supply Chains Act
Contact
Policies
Terms of Use
Recalls
Your Privacy Choices
WMT
$85.63
0.42
Stock pricing delayed by 20 minutes.
¬© 2025 Walmart Inc. All Rights Reserved."
https://corporate.walmart.com/about/international,"search
Toggle navigation
Walmart
International
We bring Walmart to the world
and the world to Walmart.
Investing in Chile
Walmart International helps people around the world save money and live better. Our story is one of growth: With 500,000 associates operating in 18 countries, we help create jobs, develop suppliers and uplift economies. And we have no plans of slowing.
Latest News
Applications for Walmart Chile's Potencia Biob√≠o program now open
PhonePe launches new vehicle insurance
10 for 10! Walmart named one of Canada‚Äôs Top 10 Most Influential Brands for the 10th year in a row
This significant recognition is a testament to the hard work and commitment of our associates and the trust our customers place in us.
Potential suppliers selected for inaugural Massmart Powered by Walmart Growth Summit
PhonePe crosses 600 million registered users
Our Markets
Canada
Central America
Chile
Spotlight on China
The Women of Walmart China Lift Each Other Up
We talked to the women of Walmart China about advancing their careers ‚Äî and helping each other out ‚Äî in our latest Market Spotlight.
Read More
About
News
Purpose
Investors
Suppliers
Careers
Ask Walmart (FAQs)
Privacy & Security
Fraud
Walmart California Consumer Privacy Act Notice
California Supply Chains Act
Contact
Policies
Terms of Use
Recalls
Your Privacy Choices
WMT
$85.63
0.42
Stock pricing delayed by 20 minutes.
¬© 2025 Walmart Inc. All Rights Reserved."
https://www.walmart.com/,"$0.00
How do you want your items?
Departments
|
Slow cookers & more for less
Shop home
Shop home
Super-low prices on fashion
Shop now
Shop now
$36
$
29
99
Tech savings
Shop now
Shop now
Furniture & more
Right at home
Shop now
Shop now
Current carousel slide 1 of 3
Squeaky-clean savings
Shop now
Shop now
Up to 65% off
Shop now
Shop now
Try Walmart+ for free
Free delivery from Walmart+ makes life easier
One free trial per member. T&C apply.
Try Walmart+ for free
Sports equipment savings
Shop now
Shop now
Pet essentials from $6
Shop now
Shop now
Save on patio upgrades
Shop now
Shop now
$89.99
$
34
99
We‚Äôd love to hear what you think!
Robot or human?
Activate and hold the button to confirm that you're human. Thank You!"
https://www.samsclub.com/,"Sam's Club - Wholesale Prices on Top Brands
Menu
Reorder
Savings
Sign in
0
Cart
Your club
Find a club
More Offers
Sam‚Äôs Cash
Sam‚Äôs Club Credit
More
Home page
Item 1 of 6
Plus member perks.
Free delivery, qual. $50 order.
2% Sam's Cash‚Ñ¢, up to $500/year.
Not a member?
Join Sam's Club
Trending items in your club
Item 1 of 21
Sponsored
Instant Savings
Samsonite Ridgeway Hardside 2-Piece Luggage Set, Assorted Colors
(135)
$40 off
$189.00
Previous price: $189.00
CURRENT PRICE: $149.00
$
149
.
00
Current price: $149.00
Member's Mark Everwash Washable 9' x 12' Area Rug
(97)
$27.00 off
$179.98
Previous price: $179.98
From
CURRENT PRICE: $152.98
$
152
.
98
Current price: $152.98
Instant Savings
Tramontina 3-Piece Nonstick Fry Pan Set, Choose Color
(1883)
$6 off
$29.84
Previous price: $29.84
From
CURRENT PRICE: $23.84
$
23
.
84
Current price: $23.84
Sponsored
Instant Savings
Safety 1st EverFit All-in-One Car Seat, Choose Color
(2010)
$15 off
$99.98
Previous price: $99.98
CURRENT PRICE: $84.98
$
84
.
98
Current price: $84.98
Elevate your everyday with Member‚Äôs Mark‚Ñ¢ products.
Get exclusive finds you‚Äôll love at low prices, only here.
Shop Now
Best sellers
Item 1 of 10
Member's Mark Boys Resort Swim Trunk
CURRENT PRICE: $10.98
$
10
.
98
Current price: $10.98
Member's Mark Women's Favorite Soft Skort
CURRENT PRICE: $13.78
$
13
.
78
Current price: $13.78
Member‚Äôs Mark Beach Chair
CURRENT PRICE: $34.98
$
34
.
98
Current price: $34.98
Member's Mark Summer Doormat, 1'11"" x 2'11""
CURRENT PRICE: $9.97
$
9
.
97
Current price: $9.97
Top sellers
Item 1 of 24
Sponsored
Seasonal and featured categories
Easter
Spring Entertaining
New & Trending
Groceries
Household Essentials
Clothing & Shoes
Home & Furniture
Electronics & Computers
Savings & Clearance
Trending categories
Toilet Paper
Baby Wipes
Disinfectant Wipes & Sprays
Protein Shakes
Facial Tissue
Shop by Size: 1
Sports Drinks
Trash Bags
Laundry Detergent
Keep them on repeat
Item 1 of 22
The hunt is over.
Reusable baskets, treats, gifts & more ‚Äî it‚Äôs all here.
Shop Now
Load up your basket.
Easter Gift Baskets
Spring Clothing
Easter Decor
Jewelry
Candy
Lent Meal Solutions
Trending items
Discover unexpected finds and limited buys.
See More
Hot items on social media
Item 1 of 10
GapFit Women's Pleated Skort
Current price: $0.00
Members-only price
Sign in to see price
Member's Mark Men's Pattern Performance Polo
CURRENT PRICE: $9.98
$
9
.
98
Current price: $9.98
Member's Mark Men's Resort Swim Trunk
CURRENT PRICE: $13.88
$
13
.
88
Current price: $13.88
Sol de Janeiro Beija Flor Elasti-Cream
From
CURRENT PRICE: $14.98
$
14
.
98
Current price: $14.98
Member favorites
Top rated products, just for you.
Item 1 of 2
VETIQ Advanced Calming Soft Dog Chews, Hickory Smoke Flavored 60 ct., 2 pk.
$3.00 off $19.98 
Previous price: $19.98
CURRENT PRICE: $16.98
$
16
.
98
$0.14/ea
Current price: $16.98
Add to cart
Excellent for your fur babies
Jenn C
Sam‚Äôs Services
You‚Äôve got pros in your corner to help, for less.
See all
Item 1 of 8
Health Services
See all
Auto Care & Buying
Explore options
Protection & Installation
Learn more
Top products
Item 1 of 15
Instant Savings
Member's Mark Thermal Receipt Paper Rolls, 3 1/8"" X 190', 18 Rolls
(205)
$2.50 off
$24.98
Previous price: $24.98
CURRENT PRICE: $22.48
$
22
.
48
Current price: $22.48
Member's Mark 12-Sheet Micro-Cut Shredder
(3677)
CURRENT PRICE: $59.98
$
59
.
98
Current price: $59.98
Member's Mark Baby 3-Pack Organic Cotton Bloomer Short
(18)
CURRENT PRICE: $8.88
$
8
.
88
Current price: $8.88
Member's Mark 12-Piece Bamboo Melamine Dinnerware Set
CURRENT PRICE: $21.98
$
21
.
98
Current price: $21.98
Item 1 of 1
Carousel Ad
Top selling new items
Item 1 of 10
Instant Savings
Filtrete Allergen Bacteria and Virus (4 pack)
(5385)
$4 off
$39.98
Previous price: $39.98
CURRENT PRICE: $35.98
$
35
.
98
Current price: $35.98
Instant Savings
Hurley Boys Hybrid Short
(26)
$3 off
$12.98
Previous price: $12.98
CURRENT PRICE: $9.98
$
9
.
98
Current price: $9.98
Member's Mark Men's Performance Polo
(202)
CURRENT PRICE: $9.98
$
9
.
98
Current price: $9.98
Instant Savings
Eddie Bauer Men's Flex Waist Tech Short
(12)
$3 off
$14.98
Previous price: $14.98
CURRENT PRICE: $11.98
$
11
.
98
Current price: $11.98
Back to top
Sign up for saving events, special offers, and more.
Enter your mobile number
Sign up for texts
Enter your email
Sign up for emails
Membership
Join Sam's Club
Member's Mark‚Ñ¢
Community Recycling
For Suppliers
Renew Your Membership
Register Your Membership
Shipping & Delivery
Track Orders
Shipping FAQs
Pickup
Same Day Delivery
Return & Refunds
Help
Help Center
Product Recalls
My Account
Affiliate Program
Advertise With Us
Sam‚Äôs Club app
Resources
About Us
Newsroom
Careers
Club Directory
Truckloads
Exports
Site directory
Privacy notice
California privacy rights
Notice at collection
California Supply Chains Act
Responsible disclosure policy
Nevada consumer health data privacy notice
Washington consumer health data privacy notice
AdChoices
Your privacy choices
Request personal information
Terms and conditions
¬© 2025 Sam's West, Inc. All rights reserved."
https://www.walmart.com/blocked?url=L3N0b3JlL2ZpbmRlcg==&uuid=92767390-0bc3-11f0-9c31-0fc7f98a0e1f&vid=920971ea-0bc3-11f0-94ab-c641a476cb49&g=b,"Robot or human?
Activate and hold the button to confirm that you‚Äôre human. Thank You!
Terms of Use Privacy Policy Do Not Sell My Personal Information Request My Personal Information
¬©2025 Walmart Stores, Inc."
https://www.facebook.com/walmart,"Hmmm‚Ä¶ can't reach this page
It looks like the webpage at https://www.facebook.com/walmart might be having issues, or it may have moved permanently to a new web address.
ERR_QUIC_PROTOCOL_ERROR
Microsoft Edge"
https://www.instagram.com/walmart/,"Your connection isn't private
Attackers might be trying to steal your information from www.instagram.com (for example, passwords, messages, or credit cards). Learn more about this warning
NET::ERR_CERT_AUTHORITY_INVALID
























Refresh
Advanced"
https://www.linkedin.com/company/walmart,"LinkedIn
Articles
People
Learning
Jobs
Games
Get the app
Join now
Sign in
Walmart
Retail
Bentonville, Arkansas 4,579,213 followers
See jobs
Follow
View all 512,710 employees
Overview
Jobs
Life
About us
              Sixty years ago, Sam Walton started a single mom-and-pop shop and transformed it into the world‚Äôs biggest retailer. Since those founding days, one thing has remained consistent: our commitment to helping our customers save money so they can live better. Today, we‚Äôre reinventing the shopping experience and our associates are at the heart of it. When you join our Walmart family of brands, you‚Äôll play a crucial role in shaping the future of retail, improving millions of lives around the world. 

We are ecstatic to have been named a Great Place to Work¬Æ Certified May 2023 ‚Äì May 2024, Disability: IN 2023 Best Places to Work, and Fast Company 100 Best Workplaces for Innovators 2023.

This is that place where your passions meet purpose. Join our family and build a career you‚Äôre proud of.
          
LINKEDIN
LinkedIn is better on the app
Don‚Äôt have the app? Get it in the Microsoft Store.
Open the app
Sign in to see who you already know at Walmart
Sign in
or
New to LinkedIn? Join now
By clicking Continue to join or sign in, you agree to LinkedIn‚Äôs User Agreement, Privacy Policy, and Cookie Policy."
https://www.pinterest.com/walmart,"Your connection isn't private
Attackers might be trying to steal your information from www.pinterest.com (for example, passwords, messages, or credit cards). Learn more about this warning
NET::ERR_CERT_AUTHORITY_INVALID
























































Refresh
Advanced"
https://x.com/walmartinc,"Your connection isn't private
Attackers might be trying to steal your information from x.com (for example, passwords, messages, or credit cards). Learn more about this warning
NET::ERR_CERT_AUTHORITY_INVALID


















Go back
Advanced"
https://www.youtube.com/walmart,"IN
Sign in
Home
Shorts
Subscriptions
You
History
Walmart
@Walmart
‚Ä¢
788K subscribers
‚Ä¢
617 videos
Save money. Live better. 
...more
walmart.com
and 8 more links
Subscribe
Home
Videos
Shorts
Live
Playlists
Walmart Realm
Play all
0:21
Explore newly launched: Walmart Realm
Walmart
24K views
10 months ago
0:31
Shop, Discover & Prep for College with Walmart Realm
Walmart
63K views
7 months ago
0:31
Explore the Walmart Realm Holiday Shops
Walmart
17K views
4 months ago
Shorts
Join Milo, Raya and Jabari to unlock their potential in Walmart UNLIMITED #UNLIMITEDChallengeüïπÔ∏èüî•
3.5K views
Get ready for Walmart UNLIMITED, a new gamified series premiering on 2/26/25. #UNLIMITEDChallengeüïπÔ∏è
2.5K views
Walmart Discovered Developer Stories: MD17_RBLX‚Äôs UGC design style on @Roblox is a fun mix
18K views"
